/**
!   
!   Pour la bonne lisibilité de ce script, les recettes
!   sont à ajouter avant et sont dans le fichier 2_recette.sql
!   
**/

-- Label
INSERT INTO Label VALUES (0, "Rapide", "#1ADD81");
INSERT INTO Label VALUES (1, "Sans gluten", "#8A3E3E");
INSERT INTO Label VALUES (2, "Facile", "#19C6E5");
INSERT INTO Label VALUES (3, "Gourmand", "#E59E19");
INSERT INTO Label VALUES (4, "Végé", "#018A3B");
INSERT INTO Label VALUES (5, "Créatif", "#F99DCE");
INSERT INTO Label VALUES (6, "Recette légère", "#B59DF9");

-- Client
insert into Utilisateur (Id, Nom, Prenom, Email, Telephone, Motdepasse, EstAmbassadeur) values (0, 'June', 'Candace', 'cjune0@is.gd', '7591674596', 'GqswRLL', true);
insert into Utilisateur (Id, Nom, Prenom, Email, Telephone, Motdepasse, EstAmbassadeur) values (1, 'Geane', 'Brande', 'bgeane1@ifeng.com', '8225951558', 'dhVvUm', true);
insert into Utilisateur (Id, Nom, Prenom, Email, Telephone, Motdepasse, EstAmbassadeur) values (2, 'Baine', 'Cello', 'cbaine2@ow.ly', '7781291162', 'QPpZEYJ7', true);
insert into Utilisateur (Id, Nom, Prenom, Email, Telephone, Motdepasse, EstAmbassadeur) values (3, 'Harkin', 'Tabby', 'tharkin3@imdb.com', '4425664412', 'vCgXlJ', false);
insert into Utilisateur (Id, Nom, Prenom, Email, Telephone, Motdepasse, EstAmbassadeur) values (4, 'Montfort', 'Phillipe', 'pmontfort4@washington.edu', '4059989359', 'qOHfb1EAX', true);
insert into Utilisateur (Id, Nom, Prenom, Email, Telephone, Motdepasse, EstAmbassadeur) values (5, 'Vipan', 'Bebe', 'bvipan5@foxnews.com', '9134611210', 'i8KEbza6cX4a', true);
insert into Utilisateur (Id, Nom, Prenom, Email, Telephone, Motdepasse, EstAmbassadeur) values (6, 'Hewins', 'Foss', 'fhewins6@ebay.co.uk', '2572744168', '9KokGEO', true);
insert into Utilisateur (Id, Nom, Prenom, Email, Telephone, Motdepasse, EstAmbassadeur) values (7, 'Bond', 'Ewell', 'ebond7@upenn.edu', '6266510688', 'Ha0Gdx220vz', false);
insert into Utilisateur (Id, Nom, Prenom, Email, Telephone, Motdepasse, EstAmbassadeur) values (8, 'Hanselman', 'Vail', 'vhanselman8@fda.gov', '8729095681', 'RjCLMT74DHWx', false);
insert into Utilisateur (Id, Nom, Prenom, Email, Telephone, Motdepasse, EstAmbassadeur) values (9, 'Mullenger', 'Karalynn', 'kmullenger9@icio.us', '5865962264', 'eDbLLY9cSin', true);
insert into Utilisateur (Id, Nom, Prenom, Email, Telephone, Motdepasse, EstAmbassadeur) values (10, 'Meale', 'Matthaeus', 'mmealea@mozilla.org', '4557119117', 'UPNoG62P0', false);
insert into Utilisateur (Id, Nom, Prenom, Email, Telephone, Motdepasse, EstAmbassadeur) values (11, 'Whoston', 'Hobard', 'hwhostonb@examiner.com', '9138176963', 'PJ7RDXrz5', false);
insert into Utilisateur (Id, Nom, Prenom, Email, Telephone, Motdepasse, EstAmbassadeur) values (12, 'Shillinglaw', 'Patience', 'pshillinglawc@ucsd.edu', '4994289787', 'v16lU1LEEvC', false);
insert into Utilisateur (Id, Nom, Prenom, Email, Telephone, Motdepasse, EstAmbassadeur) values (13, 'Clayton', 'Annmarie', 'aclaytond@chicagotribune.com', '1285359866', '6kyssJR', true);
insert into Utilisateur (Id, Nom, Prenom, Email, Telephone, Motdepasse, EstAmbassadeur) values (14, 'Ledgerton', 'Bogey', 'bledgertone@princeton.edu', '1278155758', 'MqAjwF5p', false);
insert into Utilisateur (Id, Nom, Prenom, Email, Telephone, Motdepasse, EstAmbassadeur) values (15, 'Cummins', 'Adiana', 'acumminsf@reverbnation.com', '6614384090', '3rr2eWuLb', false);
insert into Utilisateur (Id, Nom, Prenom, Email, Telephone, Motdepasse, EstAmbassadeur) values (16, 'Akrigg', 'Hollyanne', 'hakriggg@comcast.net', '8751640627', 'KwSDIqv', false);
insert into Utilisateur (Id, Nom, Prenom, Email, Telephone, Motdepasse, EstAmbassadeur) values (17, 'Buffery', 'Myrtie', 'mbufferyh@sina.com.cn', '1845964070', 'vZrqSrd', false);
insert into Utilisateur (Id, Nom, Prenom, Email, Telephone, Motdepasse, EstAmbassadeur) values (18, 'Colmer', 'Cris', 'ccolmeri@ifeng.com', '6691016970', 'lLHPCj9', true);
insert into Utilisateur (Id, Nom, Prenom, Email, Telephone, Motdepasse, EstAmbassadeur) values (19, 'Godthaab', 'Teodora', 'tgodthaabj@addtoany.com', '8841714935', 'qOfsAaWSs1', true);

-- Recompense Foodyz
INSERT INTO RecompenseFoodyz values (0, "Bouteille d'huile d'olive et 10€ de bon d'achat", NULL, 2500);
INSERT INTO RecompenseFoodyz values (1, "La livraison gratuite", "Sous réserve d'au moins une commande effective par an, la livraison vous est offerte", 5000);
INSERT INTO RecompenseFoodyz values (2, "Mixcover éplucheuse ou bon d'achat et 5% de réduction à vie", "Sous réserve d'au moins une commande effective par an, nous vous offrons 2% sur vos commandes", 10000);
INSERT INTO RecompenseFoodyz values (3, "Une bouteille de Champagne et 5% de réduction à vie", "Sous réserve d'au moins une commande effective par an, nous vous offrons 5% sur vos commandes", 20000);

-- Fournisseur
insert into Fournisseur (Id, Nom, Telephone, Email, Adresse) values (0, "Fromage del la mama", NULL, "contact@fromagia.it", NULL);
insert into Fournisseur (Id, Nom, Telephone, Email, Adresse) values (1, "Domaine du literon", "0432716321", "paul@domaine-literon.fr", NULL);
insert into Fournisseur (Id, Nom, Telephone, Email, Adresse) values (2, "Mes beaux légumes", "0136722344", "ventes@beaux-legumes.fr", NULL);
insert into Fournisseur (Id, Nom, Telephone, Email, Adresse) values (3, "Les bonnes herbes de provences", "0286173049", "contact@mes-beaux-legumes.fr", NULL);
insert into Fournisseur (Id, Nom, Telephone, Email, Adresse) values (4, "Le fromage fraannncais", "0664743328", "francois_sal@gmail.com", NULL);
insert into Fournisseur (Id, Nom, Telephone, Email, Adresse) values (5, "Les Miches à Lulu", "0612156488", "lulu_miches@laposte.net", NULL);
insert into Fournisseur (Id, Nom, Telephone, Email, Adresse) values (6, "Le maraîcher d'ici", "0611155476", "arthur04@gmail.com", NULL);
insert into Fournisseur (Id, Nom, Telephone, Email, Adresse) values (7, "Roule ma poule", "0132646647", "mathis_leroi@orange.fr", NULL);

-- IngredientFournisseur
INSERT INTO IngredientFournisseur VALUES (1976, 0);
INSERT INTO IngredientFournisseur VALUES (1984, 0);
INSERT INTO IngredientFournisseur VALUES (2004, 0);
INSERT INTO IngredientFournisseur VALUES (2021, 0);
INSERT INTO IngredientFournisseur VALUES (2198, 0);
INSERT INTO IngredientFournisseur VALUES (2034, 0);
INSERT INTO IngredientFournisseur VALUES (2033, 0);
INSERT INTO IngredientFournisseur VALUES (2049, 0);
INSERT INTO IngredientFournisseur VALUES (2346, 0);
INSERT INTO IngredientFournisseur VALUES (2049, 4);
INSERT INTO IngredientFournisseur VALUES (2064, 4);
INSERT INTO IngredientFournisseur VALUES (2081, 4);
INSERT INTO IngredientFournisseur VALUES (2080, 4);
INSERT INTO IngredientFournisseur VALUES (2142, 4);
INSERT INTO IngredientFournisseur VALUES (2004, 4);
INSERT INTO IngredientFournisseur VALUES (1991, 4);
INSERT INTO IngredientFournisseur VALUES (2256, 4);
INSERT INTO IngredientFournisseur VALUES (2471, 4);
INSERT INTO IngredientFournisseur VALUES (2489, 4);

-- Ville
INSERT into Ville values (0, 72801, "RoyerBourg", true);
INSERT into Ville values (1, 41600, "Poirier", false);
INSERT into Ville values (2, 03787, "Devaux-la-Forêt", false);
INSERT into Ville values (3, 23820, "Descamps-sur-Leleu", false);
INSERT into Ville values (4, 09884, "Sanchez-sur-Benoit", false);
INSERT into Ville values (5, 10469, "Coulondan", false);
INSERT into Ville values (6, 52166, "Bourgeois", false);
INSERT into Ville values (7, 71854, "Dupont-sur-Leduc", false);
INSERT into Ville values (8, 02683, "Michel", false);
INSERT into Ville values (9, 93855, "Delaunay-la-Forêt", false);
INSERT into Ville values (10, 70766, "Hamon", false);
INSERT into Ville values (11, 01250, "Lefebvredan", true);
INSERT into Ville values (12, 65818, "Thomas", true);
INSERT into Ville values (13, 92102, "Duboisboeuf", false);
INSERT into Ville values (14, 16043, "TexierBourg", false);
INSERT into Ville values (15, 56137, "Thomas", false);
INSERT into Ville values (16, 83406, "Chretien-sur-Fontaine", false);
INSERT into Ville values (17, 84551, "Turpin-la-Forêt", false);
INSERT into Ville values (18, 78985, "Delorme", false);
INSERT into Ville values (19, 90862, "Martinboeuf", true);
INSERT into Ville values (20, 84398, "Martins", false);
INSERT into Ville values (21, 34306, "Garnier", false);
INSERT into Ville values (22, 90301, "PiresBourg", true);
INSERT into Ville values (23, 87234, "Renault", false);
INSERT into Ville values (24, 80777, "Guillon", true);

-- Adresse
INSERT into Adresse values (0, 64, "boulevard Michelle Rousset", "Chambre 43", "0163603101", 17);
INSERT into Adresse values (1, 73, "impasse Grenier", null, null, 18);
INSERT into Adresse values (2, 29, "place de Delorme", null, null, 18);
INSERT into Adresse values (3, 2, "rue Luc Courtois", null, null, 8);
INSERT into Adresse values (4, 18, "place Riou", null, "0357975612", 24);
INSERT into Adresse values (5, 45, "rue Laurent Lemonnier", null, null, 22);
INSERT into Adresse values (6, 11, "impasse Rolland", null, null, 17);
INSERT into Adresse values (7, 6, "rue Hélène Le Roux", "Chambre 95", null, 18);
INSERT into Adresse values (8, NULL, "avenue David Lebrun", null, null, 22);
INSERT into Adresse values (9, 96, "avenue Riou", null, null, 2);
INSERT into Adresse values (10, 4, "avenue de Leveque", null, null, 19);
INSERT into Adresse values (11, 83, "rue Pereira", null, null, 19);
INSERT into Adresse values (12, 6, "rue Aurélie Laporte", null, null, 5);
INSERT into Adresse values (13, 56, "chemin Audrey Rousset", null, null, 19);
INSERT into Adresse values (14, 19, "rue Noël Gillet", null, "0109164414", 20);
INSERT into Adresse values (15, 135, "rue Marchand", null, null, 20);
INSERT into Adresse values (16, NULL, "place Marcel Gilbert", "Chambre 69", null, 14);
INSERT into Adresse values (17, 13, "impasse de Dupuy", "Chambre 61", null, 24);
INSERT into Adresse values (18, 33, "place Odette Munoz", null, null, 14);
INSERT into Adresse values (19, 87, "rue Coste", null, "0843045188", 6);
INSERT into Adresse values (20, 64, "chemin Bouvet", null, "0399365878", 10);
INSERT into Adresse values (21, NULL, "chemin Lebrun", null, "0354514897", 24);
INSERT into Adresse values (22, 3, "rue de Delannoy", null, "0892085184", 20);
INSERT into Adresse values (23, NULL, "rue de Delattre", null, null, 4);
INSERT into Adresse values (24, 2, "impasse de Rodriguez", null, null, 15);
INSERT into Adresse values (25, 6, "rue Thomas Barbe", null, null, 14);
INSERT into Adresse values (26, 323, "rue de Berger", null, "0932102263", 17);
INSERT into Adresse values (27, NULL, "boulevard Valérie Gautier", null, null, 5);
INSERT into Adresse values (28, 23, "rue Besson", "Chambre 53", null, 21);
INSERT into Adresse values (29, 89, "rue Antoine Faivre", null, "0759443272", 0);

-- AdresseLivraison
INSERT into AdresseLivraison values (13, 12, true);
INSERT into AdresseLivraison values (14, 11, true);
INSERT into AdresseLivraison values (16, 24, true);
INSERT into AdresseLivraison values (2, 18, true);
INSERT into AdresseLivraison values (0, 0, true);
INSERT into AdresseLivraison values (17, 6, true);
INSERT into AdresseLivraison values (11, 20, true);
INSERT into AdresseLivraison values (13, 9, false);
INSERT into AdresseLivraison values (14, 2, false);
INSERT into AdresseLivraison values (0, 17, false);
INSERT into AdresseLivraison values (15, 23, true);
INSERT into AdresseLivraison values (18, 6, true);
INSERT into AdresseLivraison values (14, 20, false);
INSERT into AdresseLivraison values (12, 27, true);
INSERT into AdresseLivraison values (16, 16, false);
INSERT into AdresseLivraison values (14, 7, false);
INSERT into AdresseLivraison values (4, 22, true);
INSERT into AdresseLivraison values (16, 13, false);
INSERT into AdresseLivraison values (18, 10, false);
INSERT into AdresseLivraison values (10, 6, true);
INSERT into AdresseLivraison values (4, 11, false);
INSERT into AdresseLivraison values (18, 13, false);
INSERT into AdresseLivraison values (19, 6, true);
INSERT into AdresseLivraison values (11, 17, false);
INSERT into AdresseLivraison values (18, 3, false);
INSERT into AdresseLivraison values (16, 25, false);
INSERT into AdresseLivraison values (8, 0, true);
INSERT into AdresseLivraison values (13, 10, false);
INSERT into AdresseLivraison values (8, 14, false);
INSERT into AdresseLivraison values (12, 5, false);
INSERT into AdresseLivraison values (7, 28, true);
INSERT into AdresseLivraison values (0, 24, false);
INSERT into AdresseLivraison values (0, 15, false);
INSERT into AdresseLivraison values (9, 11, true);
INSERT into AdresseLivraison values (18, 28, false);
INSERT into AdresseLivraison values (18, 7, false);
INSERT into AdresseLivraison values (1, 18, true);
INSERT into AdresseLivraison values (5, 1, true);
INSERT into AdresseLivraison values (10, 22, false);

-- Commande
INSERT into Commande values (0, "30/11/2022", 24, 0); -- 29
INSERT into Commande values (1, "22/07/2022", 12, 13); -- 14
INSERT into Commande values (2, "29/08/2022", 24, 16); -- 16
INSERT into Commande values (3, "06/12/2022", 18, 2); -- 30
INSERT into Commande values (4, "28/09/2022", 0, 0); -- 20
INSERT into Commande values (5, "30/05/2022", 6, 18); -- 5

-- CommandeRecette
INSERT into CommandeRecette values (0, 11596, 3);
INSERT into CommandeRecette values (0, 11653, 2);
INSERT into CommandeRecette values (0, 2927, 5);
INSERT into CommandeRecette values (1, 8206, 4);
INSERT into CommandeRecette values (2, 4954, 4);
INSERT into CommandeRecette values (2, 8687, 4);
INSERT into CommandeRecette values (3, 4488, 5);
INSERT into CommandeRecette values (3, 11924, 5);
INSERT into CommandeRecette values (3, 3335, 2);
INSERT into CommandeRecette values (3, 11472, 5);
INSERT into CommandeRecette values (4, 4488, 4);
INSERT into CommandeRecette values (4, 9902, 4);
INSERT into CommandeRecette values (5, 4115, 1);

-- Periode
INSERT INTO Periode values (0, "09/05/2022", "16/05/2022");
INSERT INTO Periode values (1, "16/05/2022", "23/05/2022");
INSERT INTO Periode values (2, "22/08/2022", "29/08/2022");
INSERT INTO Periode values (3, "23/05/2022", "30/05/2022");
INSERT INTO Periode values (4, "01/08/2022", "08/08/2022");
INSERT INTO Periode values (5, "30/05/2022", "06/06/2022");
INSERT INTO Periode values (6, "06/06/2022", "13/06/2022");
INSERT INTO Periode values (7, "08/08/2022", "15/08/2022");
INSERT INTO Periode values (8, "13/06/2022", "20/06/2022");
INSERT INTO Periode values (9, "15/08/2022", "22/08/2022");
INSERT INTO Periode values (10, "20/06/2022", "27/06/2022");
INSERT INTO Periode values (11, "27/06/2022", "04/07/2022");
INSERT INTO Periode values (12, "04/07/2022", "11/07/2022");
INSERT INTO Periode values (13, "11/07/2022", "18/07/2022");
INSERT INTO Periode values (14, "18/07/2022", "25/07/2022");
INSERT INTO Periode values (15, "25/07/2022", "01/08/2022");
INSERT INTO Periode values (16, "29/08/2022", "05/09/2022");
INSERT INTO Periode values (17, "05/09/2022", "12/09/2022");
INSERT INTO Periode values (18, "12/09/2022", "19/09/2022");
INSERT INTO Periode values (19, "19/09/2022", "26/09/2022");
INSERT INTO Periode values (20, "26/09/2022", "03/10/2022");
INSERT INTO Periode values (21, "03/10/2022", "10/10/2022");
INSERT INTO Periode values (22, "10/10/2022", "17/10/2022");
INSERT INTO Periode values (23, "18/10/2022", "25/10/2022");
INSERT INTO Periode values (24, "25/10/2022", "01/11/2022");
INSERT INTO Periode values (25, "01/11/2022", "08/11/2022");
INSERT INTO Periode values (26, "08/11/2022", "15/11/2022");
INSERT INTO Periode values (27, "15/11/2022", "22/11/2022");
INSERT INTO Periode values (28, "22/11/2022", "29/11/2022");
INSERT INTO Periode values (29, "29/11/2022", "06/12/2022");
INSERT INTO Periode values (30, "06/12/2022", "13/12/2022");
INSERT INTO Periode values (31, "13/12/2022", "20/12/2022");
INSERT INTO Periode values (32, "20/12/2022", "27/12/2022");
INSERT INTO Periode values (33, "27/12/2022", "03/01/2023");
INSERT INTO Periode values (34, "03/01/2023", "10/01/2023");

-- RecettePeriode
INSERT INTO RecettePeriode values (0, 4488);
INSERT INTO RecettePeriode values (0, 5044);
INSERT INTO RecettePeriode values (0, 3793);
INSERT INTO RecettePeriode values (1, 3438);
INSERT INTO RecettePeriode values (1, 4979);
INSERT INTO RecettePeriode values (1, 4945);
INSERT INTO RecettePeriode values (1, 5078);
INSERT INTO RecettePeriode values (2, 4331);
INSERT INTO RecettePeriode values (1, 4667);
INSERT INTO RecettePeriode values (1, 4636);
INSERT INTO RecettePeriode values (3, 3428);
INSERT INTO RecettePeriode values (3, 5066);
INSERT INTO RecettePeriode values (2, 4918);
INSERT INTO RecettePeriode values (3, 3800);
INSERT INTO RecettePeriode values (3, 3158);
INSERT INTO RecettePeriode values (2, 5240);
INSERT INTO RecettePeriode values (2, 5268);
INSERT INTO RecettePeriode values (4, 5557);
INSERT INTO RecettePeriode values (2, 4972);
INSERT INTO RecettePeriode values (5, 4115);
INSERT INTO RecettePeriode values (6, 5564);
INSERT INTO RecettePeriode values (6, 5097);
INSERT INTO RecettePeriode values (6, 5003);
INSERT INTO RecettePeriode values (6, 5570);
INSERT INTO RecettePeriode values (6, 5995);
INSERT INTO RecettePeriode values (6, 5253);
INSERT INTO RecettePeriode values (7, 5955);
INSERT INTO RecettePeriode values (8, 4647);
INSERT INTO RecettePeriode values (2, 3398);
INSERT INTO RecettePeriode values (9, 6622);
INSERT INTO RecettePeriode values (8, 6332);
INSERT INTO RecettePeriode values (8, 4069);
INSERT INTO RecettePeriode values (4, 4090);
INSERT INTO RecettePeriode values (10, 6631);
INSERT INTO RecettePeriode values (9, 6226);
INSERT INTO RecettePeriode values (10, 4083);
INSERT INTO RecettePeriode values (10, 3383);
INSERT INTO RecettePeriode values (10, 6876);
INSERT INTO RecettePeriode values (9, 7316);
INSERT INTO RecettePeriode values (11, 7302);
INSERT INTO RecettePeriode values (11, 6297);
INSERT INTO RecettePeriode values (11, 3332);
INSERT INTO RecettePeriode values (9, 6911);
INSERT INTO RecettePeriode values (11, 6287);
INSERT INTO RecettePeriode values (12, 6655);
INSERT INTO RecettePeriode values (12, 6212);
INSERT INTO RecettePeriode values (12, 6900);
INSERT INTO RecettePeriode values (12, 3813);
INSERT INTO RecettePeriode values (12, 8482);
INSERT INTO RecettePeriode values (13, 7197);
INSERT INTO RecettePeriode values (13, 8585);
INSERT INTO RecettePeriode values (13, 6635);
INSERT INTO RecettePeriode values (13, 6889);
INSERT INTO RecettePeriode values (13, 5133);
INSERT INTO RecettePeriode values (2, 5053);
INSERT INTO RecettePeriode values (14, 5586);
INSERT INTO RecettePeriode values (14, 8206);
INSERT INTO RecettePeriode values (14, 6906);
INSERT INTO RecettePeriode values (14, 6221);
INSERT INTO RecettePeriode values (14, 5985);
INSERT INTO RecettePeriode values (14, 5274);
INSERT INTO RecettePeriode values (14, 5969);
INSERT INTO RecettePeriode values (15, 8871);
INSERT INTO RecettePeriode values (15, 7975);
INSERT INTO RecettePeriode values (15, 7636);
INSERT INTO RecettePeriode values (15, 2969);
INSERT INTO RecettePeriode values (15, 3182);
INSERT INTO RecettePeriode values (15, 3227);
INSERT INTO RecettePeriode values (15, 7968);
INSERT INTO RecettePeriode values (4, 8943);
INSERT INTO RecettePeriode values (4, 8994);
INSERT INTO RecettePeriode values (4, 8821);
INSERT INTO RecettePeriode values (4, 5855);
INSERT INTO RecettePeriode values (4, 4497);
INSERT INTO RecettePeriode values (7, 8968);
INSERT INTO RecettePeriode values (7, 8990);
INSERT INTO RecettePeriode values (7, 3173);
INSERT INTO RecettePeriode values (7, 5235);
INSERT INTO RecettePeriode values (7, 6609);
INSERT INTO RecettePeriode values (7, 4998);
INSERT INTO RecettePeriode values (9, 4684);
INSERT INTO RecettePeriode values (9, 3386);
INSERT INTO RecettePeriode values (9, 5061);
INSERT INTO RecettePeriode values (16, 6648);
INSERT INTO RecettePeriode values (16, 6883);
INSERT INTO RecettePeriode values (16, 4954);
INSERT INTO RecettePeriode values (16, 9261);
INSERT INTO RecettePeriode values (16, 8687);
INSERT INTO RecettePeriode values (16, 9249);
INSERT INTO RecettePeriode values (17, 9430);
INSERT INTO RecettePeriode values (17, 4945);
INSERT INTO RecettePeriode values (17, 6282);
INSERT INTO RecettePeriode values (17, 5044);
INSERT INTO RecettePeriode values (17, 9425);
INSERT INTO RecettePeriode values (17, 8192);
INSERT INTO RecettePeriode values (17, 3392);
INSERT INTO RecettePeriode values (18, 9455);
INSERT INTO RecettePeriode values (18, 9420);
INSERT INTO RecettePeriode values (18, 8201);
INSERT INTO RecettePeriode values (18, 9451);
INSERT INTO RecettePeriode values (18, 7743);
INSERT INTO RecettePeriode values (18, 7185);
INSERT INTO RecettePeriode values (18, 7160);
INSERT INTO RecettePeriode values (19, 9657);
INSERT INTO RecettePeriode values (19, 9423);
INSERT INTO RecettePeriode values (19, 5859);
INSERT INTO RecettePeriode values (19, 7212);
INSERT INTO RecettePeriode values (19, 4979);
INSERT INTO RecettePeriode values (19, 6900);
INSERT INTO RecettePeriode values (19, 9642);
INSERT INTO RecettePeriode values (20, 9902);
INSERT INTO RecettePeriode values (20, 4488);
INSERT INTO RecettePeriode values (20, 3320);
INSERT INTO RecettePeriode values (20, 9937);
INSERT INTO RecettePeriode values (20, 9843);
INSERT INTO RecettePeriode values (20, 7197);
INSERT INTO RecettePeriode values (20, 5053);
INSERT INTO RecettePeriode values (21, 10047);
INSERT INTO RecettePeriode values (21, 10054);
INSERT INTO RecettePeriode values (21, 10072);
INSERT INTO RecettePeriode values (21, 10148);
INSERT INTO RecettePeriode values (21, 4918);
INSERT INTO RecettePeriode values (21, 5985);
INSERT INTO RecettePeriode values (21, 3353);
INSERT INTO RecettePeriode values (22, 3137);
INSERT INTO RecettePeriode values (22, 10303);
INSERT INTO RecettePeriode values (22, 10276);
INSERT INTO RecettePeriode values (22, 3398);
INSERT INTO RecettePeriode values (22, 3800);
INSERT INTO RecettePeriode values (22, 3326);
INSERT INTO RecettePeriode values (22, 4667);
INSERT INTO RecettePeriode values (23, 10508);
INSERT INTO RecettePeriode values (23, 10074);
INSERT INTO RecettePeriode values (23, 10102);
INSERT INTO RecettePeriode values (23, 9719);
INSERT INTO RecettePeriode values (23, 10514);
INSERT INTO RecettePeriode values (23, 9836);
INSERT INTO RecettePeriode values (23, 10502);
INSERT INTO RecettePeriode values (24, 2714);
INSERT INTO RecettePeriode values (24, 5012);
INSERT INTO RecettePeriode values (24, 9678);
INSERT INTO RecettePeriode values (24, 6609);
INSERT INTO RecettePeriode values (24, 3215);
INSERT INTO RecettePeriode values (24, 8206);
INSERT INTO RecettePeriode values (24, 3332);
INSERT INTO RecettePeriode values (25, 10753);
INSERT INTO RecettePeriode values (25, 3618);
INSERT INTO RecettePeriode values (25, 10270);
INSERT INTO RecettePeriode values (25, 10762);
INSERT INTO RecettePeriode values (25, 10104);
INSERT INTO RecettePeriode values (25, 6282);
INSERT INTO RecettePeriode values (25, 3420);
INSERT INTO RecettePeriode values (26, 5955);
INSERT INTO RecettePeriode values (26, 11007);
INSERT INTO RecettePeriode values (26, 3182);
INSERT INTO RecettePeriode values (26, 3323);
INSERT INTO RecettePeriode values (26, 3329);
INSERT INTO RecettePeriode values (26, 3395);
INSERT INTO RecettePeriode values (26, 3236);
INSERT INTO RecettePeriode values (27, 3152);
INSERT INTO RecettePeriode values (27, 11090);
INSERT INTO RecettePeriode values (27, 3251);
INSERT INTO RecettePeriode values (27, 5550);
INSERT INTO RecettePeriode values (27, 3293);
INSERT INTO RecettePeriode values (27, 3389);
INSERT INTO RecettePeriode values (27, 3254);
INSERT INTO RecettePeriode values (28, 3338);
INSERT INTO RecettePeriode values (28, 11341);
INSERT INTO RecettePeriode values (28, 11343);
INSERT INTO RecettePeriode values (28, 4497);
INSERT INTO RecettePeriode values (28, 2933);
INSERT INTO RecettePeriode values (28, 3290);
INSERT INTO RecettePeriode values (28, 11409);
INSERT INTO RecettePeriode values (29, 11596);
INSERT INTO RecettePeriode values (29, 11646);
INSERT INTO RecettePeriode values (29, 11642);
INSERT INTO RecettePeriode values (29, 11653);
INSERT INTO RecettePeriode values (29, 11797);
INSERT INTO RecettePeriode values (29, 2927);
INSERT INTO RecettePeriode values (29, 11656);
INSERT INTO RecettePeriode values (30, 11927);
INSERT INTO RecettePeriode values (30, 4488);
INSERT INTO RecettePeriode values (30, 3917);
INSERT INTO RecettePeriode values (30, 11924);
INSERT INTO RecettePeriode values (30, 3335);
INSERT INTO RecettePeriode values (30, 11472);
INSERT INTO RecettePeriode values (30, 11913);
INSERT INTO RecettePeriode values (31, 12182);
INSERT INTO RecettePeriode values (31, 11933);
INSERT INTO RecettePeriode values (31, 6900);
INSERT INTO RecettePeriode values (31, 4923);
INSERT INTO RecettePeriode values (31, 3359);
INSERT INTO RecettePeriode values (31, 9937);
INSERT INTO RecettePeriode values (31, 12198);
INSERT INTO RecettePeriode values (32, 12425);
INSERT INTO RecettePeriode values (32, 3296);
INSERT INTO RecettePeriode values (32, 12437);
INSERT INTO RecettePeriode values (32, 12039);
INSERT INTO RecettePeriode values (32, 7636);
INSERT INTO RecettePeriode values (32, 8990);
INSERT INTO RecettePeriode values (32, 12481);
INSERT INTO RecettePeriode values (33, 12535);
INSERT INTO RecettePeriode values (33, 9423);
INSERT INTO RecettePeriode values (33, 12533);
INSERT INTO RecettePeriode values (33, 4979);
INSERT INTO RecettePeriode values (33, 12539);
INSERT INTO RecettePeriode values (33, 9451);
INSERT INTO RecettePeriode values (33, 3793);
INSERT INTO RecettePeriode values (34, 3245);
INSERT INTO RecettePeriode values (34, 12710);
INSERT INTO RecettePeriode values (34, 12715);
INSERT INTO RecettePeriode values (34, 3374);
INSERT INTO RecettePeriode values (34, 12713);
INSERT INTO RecettePeriode values (34, 5855);
INSERT INTO RecettePeriode values (34, 4271);

-- RecetteLabel
INSERT INTO RecetteLabel (Label, Recette) values (0, 4331);
INSERT INTO RecetteLabel (Label, Recette) values (1, 4331);
INSERT INTO RecetteLabel (Label, Recette) values (4, 4331);
INSERT INTO RecetteLabel (Label, Recette) values (2, 4918);
INSERT INTO RecetteLabel (Label, Recette) values (4, 4918);
INSERT INTO RecetteLabel (Label, Recette) values (3, 5240);
INSERT INTO RecetteLabel (Label, Recette) values (5, 5240);
INSERT INTO RecetteLabel (Label, Recette) values (0, 5268);
INSERT INTO RecetteLabel (Label, Recette) values (3, 5268);
INSERT INTO RecetteLabel (Label, Recette) values (4, 5268);
INSERT INTO RecetteLabel (Label, Recette) values (0, 4972);
INSERT INTO RecetteLabel (Label, Recette) values (3, 4972);
INSERT INTO RecetteLabel (Label, Recette) values (0, 3398);
INSERT INTO RecetteLabel (Label, Recette) values (1, 3398);
INSERT INTO RecetteLabel (Label, Recette) values (0, 6648);
INSERT INTO RecetteLabel (Label, Recette) values (6, 6648);
INSERT INTO RecetteLabel (Label, Recette) values (5, 6883);
INSERT INTO RecetteLabel (Label, Recette) values (2, 4954);
INSERT INTO RecetteLabel (Label, Recette) values (4, 4954);
INSERT INTO RecetteLabel (Label, Recette) values (6, 4954);
INSERT INTO RecetteLabel (Label, Recette) values (2, 9261);
INSERT INTO RecetteLabel (Label, Recette) values (5, 9261);
INSERT INTO RecetteLabel (Label, Recette) values (2, 8687);
INSERT INTO RecetteLabel (Label, Recette) values (3, 8687);
INSERT INTO RecetteLabel (Label, Recette) values (4, 8687);
INSERT INTO RecetteLabel (Label, Recette) values (5, 9249);
INSERT INTO RecetteLabel (Label, Recette) values (6, 9249);
INSERT INTO RecetteLabel (Label, Recette) values (2, 9430);
INSERT INTO RecetteLabel (Label, Recette) values (3, 9430);
INSERT INTO RecetteLabel (Label, Recette) values (1, 4945);
INSERT INTO RecetteLabel (Label, Recette) values (3, 4945);
INSERT INTO RecetteLabel (Label, Recette) values (0, 6282);
INSERT INTO RecetteLabel (Label, Recette) values (2, 6282);
INSERT INTO RecetteLabel (Label, Recette) values (0, 5044);
INSERT INTO RecetteLabel (Label, Recette) values (1, 5044);
INSERT INTO RecetteLabel (Label, Recette) values (4, 5044);
INSERT INTO RecetteLabel (Label, Recette) values (4, 9425);
INSERT INTO RecetteLabel (Label, Recette) values (5, 9425);
INSERT INTO RecetteLabel (Label, Recette) values (6, 9425);
INSERT INTO RecetteLabel (Label, Recette) values (2, 8192);
INSERT INTO RecetteLabel (Label, Recette) values (3, 8192);
INSERT INTO RecetteLabel (Label, Recette) values (0, 3392);
INSERT INTO RecetteLabel (Label, Recette) values (1, 3392);
INSERT INTO RecetteLabel (Label, Recette) values (6, 3392);
INSERT INTO RecetteLabel (Label, Recette) values (3, 9455);
INSERT INTO RecetteLabel (Label, Recette) values (5, 9455);
INSERT INTO RecetteLabel (Label, Recette) values (2, 9420);
INSERT INTO RecetteLabel (Label, Recette) values (4, 9420);
INSERT INTO RecetteLabel (Label, Recette) values (0, 8201);
INSERT INTO RecetteLabel (Label, Recette) values (1, 8201);
INSERT INTO RecetteLabel (Label, Recette) values (3, 8201);
INSERT INTO RecetteLabel (Label, Recette) values (1, 9451);
INSERT INTO RecetteLabel (Label, Recette) values (2, 9451);
INSERT INTO RecetteLabel (Label, Recette) values (6, 9451);
INSERT INTO RecetteLabel (Label, Recette) values (4, 7743);
INSERT INTO RecetteLabel (Label, Recette) values (5, 7743);
INSERT INTO RecetteLabel (Label, Recette) values (1, 7185);
INSERT INTO RecetteLabel (Label, Recette) values (2, 7185);
INSERT INTO RecetteLabel (Label, Recette) values (3, 7185);
INSERT INTO RecetteLabel (Label, Recette) values (2, 7160);
INSERT INTO RecetteLabel (Label, Recette) values (3, 7160);
INSERT INTO RecetteLabel (Label, Recette) values (0, 9657);
INSERT INTO RecetteLabel (Label, Recette) values (3, 9657);
INSERT INTO RecetteLabel (Label, Recette) values (1, 9423);
INSERT INTO RecetteLabel (Label, Recette) values (3, 9423);
INSERT INTO RecetteLabel (Label, Recette) values (0, 5859);
INSERT INTO RecetteLabel (Label, Recette) values (4, 5859);
INSERT INTO RecetteLabel (Label, Recette) values (6, 5859);
INSERT INTO RecetteLabel (Label, Recette) values (3, 7212);
INSERT INTO RecetteLabel (Label, Recette) values (5, 7212);
INSERT INTO RecetteLabel (Label, Recette) values (2, 4979);
INSERT INTO RecetteLabel (Label, Recette) values (6, 4979);
INSERT INTO RecetteLabel (Label, Recette) values (3, 6900);
INSERT INTO RecetteLabel (Label, Recette) values (4, 6900);
INSERT INTO RecetteLabel (Label, Recette) values (5, 6900);
INSERT INTO RecetteLabel (Label, Recette) values (4, 9642);
INSERT INTO RecetteLabel (Label, Recette) values (5, 9642);
INSERT INTO RecetteLabel (Label, Recette) values (1, 9902);
INSERT INTO RecetteLabel (Label, Recette) values (3, 9902);
INSERT INTO RecetteLabel (Label, Recette) values (5, 9902);
INSERT INTO RecetteLabel (Label, Recette) values (2, 4488);
INSERT INTO RecetteLabel (Label, Recette) values (6, 4488);
INSERT INTO RecetteLabel (Label, Recette) values (0, 3320);
INSERT INTO RecetteLabel (Label, Recette) values (3, 3320);
INSERT INTO RecetteLabel (Label, Recette) values (2, 9937);
INSERT INTO RecetteLabel (Label, Recette) values (4, 9937);
INSERT INTO RecetteLabel (Label, Recette) values (6, 9937);
INSERT INTO RecetteLabel (Label, Recette) values (2, 9843);
INSERT INTO RecetteLabel (Label, Recette) values (3, 9843);
INSERT INTO RecetteLabel (Label, Recette) values (5, 9843);
INSERT INTO RecetteLabel (Label, Recette) values (2, 7197);
INSERT INTO RecetteLabel (Label, Recette) values (3, 7197);
INSERT INTO RecetteLabel (Label, Recette) values (4, 7197);
INSERT INTO RecetteLabel (Label, Recette) values (4, 5053);
INSERT INTO RecetteLabel (Label, Recette) values (5, 5053);
INSERT INTO RecetteLabel (Label, Recette) values (3, 10047);
INSERT INTO RecetteLabel (Label, Recette) values (5, 10047);
INSERT INTO RecetteLabel (Label, Recette) values (0, 10054);
INSERT INTO RecetteLabel (Label, Recette) values (2, 10054);
INSERT INTO RecetteLabel (Label, Recette) values (3, 10054);
INSERT INTO RecetteLabel (Label, Recette) values (0, 10072);
INSERT INTO RecetteLabel (Label, Recette) values (4, 10072);
INSERT INTO RecetteLabel (Label, Recette) values (1, 10148);
INSERT INTO RecetteLabel (Label, Recette) values (3, 10148);
INSERT INTO RecetteLabel (Label, Recette) values (4, 10148);
INSERT INTO RecetteLabel (Label, Recette) values (1, 4918);
INSERT INTO RecetteLabel (Label, Recette) values (3, 5985);
INSERT INTO RecetteLabel (Label, Recette) values (5, 5985);
INSERT INTO RecetteLabel (Label, Recette) values (0, 3353);
INSERT INTO RecetteLabel (Label, Recette) values (4, 3353);
INSERT INTO RecetteLabel (Label, Recette) values (2, 3137);
INSERT INTO RecetteLabel (Label, Recette) values (3, 3137);
INSERT INTO RecetteLabel (Label, Recette) values (5, 10303);
INSERT INTO RecetteLabel (Label, Recette) values (6, 10303);
INSERT INTO RecetteLabel (Label, Recette) values (1, 10276);
INSERT INTO RecetteLabel (Label, Recette) values (4, 10276);
INSERT INTO RecetteLabel (Label, Recette) values (5, 10276);
INSERT INTO RecetteLabel (Label, Recette) values (4, 3398);
INSERT INTO RecetteLabel (Label, Recette) values (6, 3398);
INSERT INTO RecetteLabel (Label, Recette) values (2, 3800);
INSERT INTO RecetteLabel (Label, Recette) values (3, 3800);
INSERT INTO RecetteLabel (Label, Recette) values (0, 3326);
INSERT INTO RecetteLabel (Label, Recette) values (4, 3326);
INSERT INTO RecetteLabel (Label, Recette) values (2, 4667);
INSERT INTO RecetteLabel (Label, Recette) values (3, 4667);
INSERT INTO RecetteLabel (Label, Recette) values (2, 10508);
INSERT INTO RecetteLabel (Label, Recette) values (5, 10508);
INSERT INTO RecetteLabel (Label, Recette) values (3, 10074);
INSERT INTO RecetteLabel (Label, Recette) values (4, 10074);
INSERT INTO RecetteLabel (Label, Recette) values (5, 10102);
INSERT INTO RecetteLabel (Label, Recette) values (3, 9719);
INSERT INTO RecetteLabel (Label, Recette) values (5, 9719);
INSERT INTO RecetteLabel (Label, Recette) values (1, 10514);
INSERT INTO RecetteLabel (Label, Recette) values (2, 10514);
INSERT INTO RecetteLabel (Label, Recette) values (2, 9836);
INSERT INTO RecetteLabel (Label, Recette) values (4, 9836);
INSERT INTO RecetteLabel (Label, Recette) values (5, 9836);
INSERT INTO RecetteLabel (Label, Recette) values (2, 10502);
INSERT INTO RecetteLabel (Label, Recette) values (4, 10502);
INSERT INTO RecetteLabel (Label, Recette) values (1, 2714);
INSERT INTO RecetteLabel (Label, Recette) values (2, 2714);
INSERT INTO RecetteLabel (Label, Recette) values (4, 5012);
INSERT INTO RecetteLabel (Label, Recette) values (5, 5012);
INSERT INTO RecetteLabel (Label, Recette) values (3, 9678);
INSERT INTO RecetteLabel (Label, Recette) values (4, 9678);
INSERT INTO RecetteLabel (Label, Recette) values (0, 6609);
INSERT INTO RecetteLabel (Label, Recette) values (6, 6609);
INSERT INTO RecetteLabel (Label, Recette) values (3, 3215);
INSERT INTO RecetteLabel (Label, Recette) values (5, 3215);
INSERT INTO RecetteLabel (Label, Recette) values (2, 8206);
INSERT INTO RecetteLabel (Label, Recette) values (4, 8206);
INSERT INTO RecetteLabel (Label, Recette) values (3, 3332);
INSERT INTO RecetteLabel (Label, Recette) values (2, 10753);
INSERT INTO RecetteLabel (Label, Recette) values (3, 10753);
INSERT INTO RecetteLabel (Label, Recette) values (0, 3618);
INSERT INTO RecetteLabel (Label, Recette) values (2, 3618);
INSERT INTO RecetteLabel (Label, Recette) values (2, 10270);
INSERT INTO RecetteLabel (Label, Recette) values (0, 10762);
INSERT INTO RecetteLabel (Label, Recette) values (4, 10762);
INSERT INTO RecetteLabel (Label, Recette) values (3, 10104);
INSERT INTO RecetteLabel (Label, Recette) values (5, 10104);
INSERT INTO RecetteLabel (Label, Recette) values (3, 6282);
INSERT INTO RecetteLabel (Label, Recette) values (0, 3420);
INSERT INTO RecetteLabel (Label, Recette) values (1, 3420);
INSERT INTO RecetteLabel (Label, Recette) values (4, 3420);
INSERT INTO RecetteLabel (Label, Recette) values (3, 5955);
INSERT INTO RecetteLabel (Label, Recette) values (5, 5955);
INSERT INTO RecetteLabel (Label, Recette) values (0, 11007);
INSERT INTO RecetteLabel (Label, Recette) values (2, 11007);
INSERT INTO RecetteLabel (Label, Recette) values (0, 3182);
INSERT INTO RecetteLabel (Label, Recette) values (1, 3182);
INSERT INTO RecetteLabel (Label, Recette) values (2, 3323);
INSERT INTO RecetteLabel (Label, Recette) values (3, 3323);
INSERT INTO RecetteLabel (Label, Recette) values (1, 3329);
INSERT INTO RecetteLabel (Label, Recette) values (4, 3329);
INSERT INTO RecetteLabel (Label, Recette) values (0, 3395);
INSERT INTO RecetteLabel (Label, Recette) values (2, 3395);
INSERT INTO RecetteLabel (Label, Recette) values (4, 3395);
INSERT INTO RecetteLabel (Label, Recette) values (3, 3236);
INSERT INTO RecetteLabel (Label, Recette) values (4, 3236);
INSERT INTO RecetteLabel (Label, Recette) values (5, 3236);
INSERT INTO RecetteLabel (Label, Recette) values (2, 3152);
INSERT INTO RecetteLabel (Label, Recette) values (3, 3152);
INSERT INTO RecetteLabel (Label, Recette) values (2, 11090);
INSERT INTO RecetteLabel (Label, Recette) values (5, 3251);
INSERT INTO RecetteLabel (Label, Recette) values (0, 5550);
INSERT INTO RecetteLabel (Label, Recette) values (4, 5550);
INSERT INTO RecetteLabel (Label, Recette) values (3, 3293);
INSERT INTO RecetteLabel (Label, Recette) values (0, 3389);
INSERT INTO RecetteLabel (Label, Recette) values (4, 3389);
INSERT INTO RecetteLabel (Label, Recette) values (6, 3389);
INSERT INTO RecetteLabel (Label, Recette) values (3, 3254);
INSERT INTO RecetteLabel (Label, Recette) values (4, 3254);
INSERT INTO RecetteLabel (Label, Recette) values (2, 3338);
INSERT INTO RecetteLabel (Label, Recette) values (3, 3338);
INSERT INTO RecetteLabel (Label, Recette) values (5, 3338);
INSERT INTO RecetteLabel (Label, Recette) values (2, 11341);
INSERT INTO RecetteLabel (Label, Recette) values (3, 11341);
INSERT INTO RecetteLabel (Label, Recette) values (5, 11341);
INSERT INTO RecetteLabel (Label, Recette) values (3, 11343);
INSERT INTO RecetteLabel (Label, Recette) values (4, 11343);
INSERT INTO RecetteLabel (Label, Recette) values (4, 4497);
INSERT INTO RecetteLabel (Label, Recette) values (6, 4497);
INSERT INTO RecetteLabel (Label, Recette) values (2, 2933);
INSERT INTO RecetteLabel (Label, Recette) values (3, 2933);
INSERT INTO RecetteLabel (Label, Recette) values (0, 3290);
INSERT INTO RecetteLabel (Label, Recette) values (6, 3290);
INSERT INTO RecetteLabel (Label, Recette) values (0, 11409);
INSERT INTO RecetteLabel (Label, Recette) values (3, 11409);
INSERT INTO RecetteLabel (Label, Recette) values (4, 11409);
INSERT INTO RecetteLabel (Label, Recette) values (0, 11596);
INSERT INTO RecetteLabel (Label, Recette) values (1, 11596);
INSERT INTO RecetteLabel (Label, Recette) values (1, 11646);
INSERT INTO RecetteLabel (Label, Recette) values (2, 11646);
INSERT INTO RecetteLabel (Label, Recette) values (3, 11646);
INSERT INTO RecetteLabel (Label, Recette) values (0, 11642);
INSERT INTO RecetteLabel (Label, Recette) values (5, 11642);
INSERT INTO RecetteLabel (Label, Recette) values (0, 11653);
INSERT INTO RecetteLabel (Label, Recette) values (6, 11653);
INSERT INTO RecetteLabel (Label, Recette) values (2, 11797);
INSERT INTO RecetteLabel (Label, Recette) values (3, 11797);
INSERT INTO RecetteLabel (Label, Recette) values (3, 2927);
INSERT INTO RecetteLabel (Label, Recette) values (4, 2927);
INSERT INTO RecetteLabel (Label, Recette) values (4, 11656);
INSERT INTO RecetteLabel (Label, Recette) values (5, 11656);
INSERT INTO RecetteLabel (Label, Recette) values (0, 11927);
INSERT INTO RecetteLabel (Label, Recette) values (2, 11927);
INSERT INTO RecetteLabel (Label, Recette) values (3, 4488);
INSERT INTO RecetteLabel (Label, Recette) values (3, 3917);
INSERT INTO RecetteLabel (Label, Recette) values (5, 3917);
INSERT INTO RecetteLabel (Label, Recette) values (0, 11924);
INSERT INTO RecetteLabel (Label, Recette) values (4, 11924);
INSERT INTO RecetteLabel (Label, Recette) values (1, 3335);
INSERT INTO RecetteLabel (Label, Recette) values (2, 3335);
INSERT INTO RecetteLabel (Label, Recette) values (5, 11472);
INSERT INTO RecetteLabel (Label, Recette) values (6, 11472);
INSERT INTO RecetteLabel (Label, Recette) values (5, 11913);
INSERT INTO RecetteLabel (Label, Recette) values (6, 11913);
INSERT INTO RecetteLabel (Label, Recette) values (5, 12182);
INSERT INTO RecetteLabel (Label, Recette) values (6, 12182);
INSERT INTO RecetteLabel (Label, Recette) values (2, 11933);
INSERT INTO RecetteLabel (Label, Recette) values (3, 11933);
INSERT INTO RecetteLabel (Label, Recette) values (6, 6900);
INSERT INTO RecetteLabel (Label, Recette) values (4, 4923);
INSERT INTO RecetteLabel (Label, Recette) values (5, 4923);
INSERT INTO RecetteLabel (Label, Recette) values (3, 3359);
INSERT INTO RecetteLabel (Label, Recette) values (5, 3359);
INSERT INTO RecetteLabel (Label, Recette) values (0, 12198);
INSERT INTO RecetteLabel (Label, Recette) values (3, 12198);
INSERT INTO RecetteLabel (Label, Recette) values (3, 12425);
INSERT INTO RecetteLabel (Label, Recette) values (5, 12425);
INSERT INTO RecetteLabel (Label, Recette) values (2, 3296);
INSERT INTO RecetteLabel (Label, Recette) values (5, 3296);
INSERT INTO RecetteLabel (Label, Recette) values (3, 12437);
INSERT INTO RecetteLabel (Label, Recette) values (4, 12437);
INSERT INTO RecetteLabel (Label, Recette) values (0, 12039);
INSERT INTO RecetteLabel (Label, Recette) values (4, 12039);
INSERT INTO RecetteLabel (Label, Recette) values (2, 7636);
INSERT INTO RecetteLabel (Label, Recette) values (3, 7636);
INSERT INTO RecetteLabel (Label, Recette) values (0, 8990);
INSERT INTO RecetteLabel (Label, Recette) values (4, 8990);
INSERT INTO RecetteLabel (Label, Recette) values (6, 8990);
INSERT INTO RecetteLabel (Label, Recette) values (2, 12481);
INSERT INTO RecetteLabel (Label, Recette) values (3, 12481);
INSERT INTO RecetteLabel (Label, Recette) values (5, 12481);
INSERT INTO RecetteLabel (Label, Recette) values (0, 12535);
INSERT INTO RecetteLabel (Label, Recette) values (2, 12535);
INSERT INTO RecetteLabel (Label, Recette) values (5, 9423);
INSERT INTO RecetteLabel (Label, Recette) values (3, 12533);
INSERT INTO RecetteLabel (Label, Recette) values (5, 12533);
INSERT INTO RecetteLabel (Label, Recette) values (4, 4979);
INSERT INTO RecetteLabel (Label, Recette) values (0, 12539);
INSERT INTO RecetteLabel (Label, Recette) values (3, 12539);
INSERT INTO RecetteLabel (Label, Recette) values (0, 9451);
INSERT INTO RecetteLabel (Label, Recette) values (0, 3793);
INSERT INTO RecetteLabel (Label, Recette) values (3, 3793);
INSERT INTO RecetteLabel (Label, Recette) values (0, 3245);
INSERT INTO RecetteLabel (Label, Recette) values (4, 3245);
INSERT INTO RecetteLabel (Label, Recette) values (6, 3245);
INSERT INTO RecetteLabel (Label, Recette) values (0, 12710);
INSERT INTO RecetteLabel (Label, Recette) values (2, 12710);
INSERT INTO RecetteLabel (Label, Recette) values (3, 12710);
INSERT INTO RecetteLabel (Label, Recette) values (4, 12715);
INSERT INTO RecetteLabel (Label, Recette) values (5, 12715);
INSERT INTO RecetteLabel (Label, Recette) values (0, 3374);
INSERT INTO RecetteLabel (Label, Recette) values (4, 3374);
INSERT INTO RecetteLabel (Label, Recette) values (3, 12713);
INSERT INTO RecetteLabel (Label, Recette) values (5, 12713);
INSERT INTO RecetteLabel (Label, Recette) values (3, 5855);
INSERT INTO RecetteLabel (Label, Recette) values (4, 5855);
INSERT INTO RecetteLabel (Label, Recette) values (5, 5855);
INSERT INTO RecetteLabel (Label, Recette) values (3, 4271);
INSERT INTO RecetteLabel (Label, Recette) values (5, 4271);